"LOCATION"	"Country"	"NACE"	"Industry"	"TYPE"	"Type"	"SKILLS"	"Skills"	"TIME"	"Time"	"Value"	"Flag Codes"	"Flags"
"AUT"	"Austria"	"C"	"Manufacturing"	"SK"	"Skills"	"2A1E"	"Mathematics Skills"	"2015"	"2015"	0.041		
"AUT"	"Austria"	"C"	"Manufacturing"	"SK"	"Skills"	"2B2"	"Complex Problem Solving Skills"	"2015"	"2015"	0.047		
"AUT"	"Austria"	"C"	"Manufacturing"	"SK"	"Skills"	"2B3"	"Technical Skills"	"2015"	"2015"	0.034		
"AUT"	"Austria"	"C"	"Manufacturing"	"SK"	"Skills"	"2B4"	"Systems Skills"	"2015"	"2015"	0.043		
"AUT"	"Austria"	"C"	"Manufacturing"	"SK"	"Skills"	"2B5"	"Resource Management Skills"	"2015"	"2015"	0.022		
"AUT"	"Austria"	"J"	"Information and Communication"	"SK"	"Skills"	"2A1E"	"Mathematics Skills"	"2015"	"2015"	0.066		
"AUT"	"Austria"	"J"	"Information and Communication"	"SK"	"Skills"	"2B2"	"Complex Problem Solving Skills"	"2015"	"2015"	0.095		
"AUT"	"Austria"	"J"	"Information and Communication"	"SK"	"Skills"	"2B3"	"Technical Skills"	"2015"	"2015"	0.03		
"AUT"	"Austria"	"J"	"Information and Communication"	"SK"	"Skills"	"2B4"	"Systems Skills"	"2015"	"2015"	0.089		
"AUT"	"Austria"	"J"	"Information and Communication"	"SK"	"Skills"	"2B5"	"Resource Management Skills"	"2015"	"2015"	0.042		
"BEL"	"Belgium"	"C"	"Manufacturing"	"SK"	"Skills"	"2A1E"	"Mathematics Skills"	"2015"	"2015"	-0.062		
"BEL"	"Belgium"	"C"	"Manufacturing"	"SK"	"Skills"	"2B2"	"Complex Problem Solving Skills"	"2015"	"2015"	-0.097		
"BEL"	"Belgium"	"C"	"Manufacturing"	"SK"	"Skills"	"2B3"	"Technical Skills"	"2015"	"2015"	-0.064		
"BEL"	"Belgium"	"C"	"Manufacturing"	"SK"	"Skills"	"2B4"	"Systems Skills"	"2015"	"2015"	-0.077		
"BEL"	"Belgium"	"C"	"Manufacturing"	"SK"	"Skills"	"2B5"	"Resource Management Skills"	"2015"	"2015"	-0.071		
"BEL"	"Belgium"	"J"	"Information and Communication"	"SK"	"Skills"	"2A1E"	"Mathematics Skills"	"2015"	"2015"	0.042		
"BEL"	"Belgium"	"J"	"Information and Communication"	"SK"	"Skills"	"2B2"	"Complex Problem Solving Skills"	"2015"	"2015"	0.049		
"BEL"	"Belgium"	"J"	"Information and Communication"	"SK"	"Skills"	"2B3"	"Technical Skills"	"2015"	"2015"	0.027		
"BEL"	"Belgium"	"J"	"Information and Communication"	"SK"	"Skills"	"2B4"	"Systems Skills"	"2015"	"2015"	0.048		
"BEL"	"Belgium"	"J"	"Information and Communication"	"SK"	"Skills"	"2B5"	"Resource Management Skills"	"2015"	"2015"	-0.004		
"CZE"	"Czech Republic"	"C"	"Manufacturing"	"SK"	"Skills"	"2A1E"	"Mathematics Skills"	"2015"	"2015"	0.068		
"CZE"	"Czech Republic"	"C"	"Manufacturing"	"SK"	"Skills"	"2B2"	"Complex Problem Solving Skills"	"2015"	"2015"	0.092		
"CZE"	"Czech Republic"	"C"	"Manufacturing"	"SK"	"Skills"	"2B3"	"Technical Skills"	"2015"	"2015"	0.065		
"CZE"	"Czech Republic"	"C"	"Manufacturing"	"SK"	"Skills"	"2B4"	"Systems Skills"	"2015"	"2015"	0.078		
"CZE"	"Czech Republic"	"C"	"Manufacturing"	"SK"	"Skills"	"2B5"	"Resource Management Skills"	"2015"	"2015"	0.053		
"CZE"	"Czech Republic"	"J"	"Information and Communication"	"SK"	"Skills"	"2A1E"	"Mathematics Skills"	"2015"	"2015"	0.082		
"CZE"	"Czech Republic"	"J"	"Information and Communication"	"SK"	"Skills"	"2B2"	"Complex Problem Solving Skills"	"2015"	"2015"	0.132		
"CZE"	"Czech Republic"	"J"	"Information and Communication"	"SK"	"Skills"	"2B3"	"Technical Skills"	"2015"	"2015"	0.039		
"CZE"	"Czech Republic"	"J"	"Information and Communication"	"SK"	"Skills"	"2B4"	"Systems Skills"	"2015"	"2015"	0.12		
"CZE"	"Czech Republic"	"J"	"Information and Communication"	"SK"	"Skills"	"2B5"	"Resource Management Skills"	"2015"	"2015"	0.092		
"DNK"	"Denmark"	"C"	"Manufacturing"	"SK"	"Skills"	"2A1E"	"Mathematics Skills"	"2015"	"2015"	0.083		
"DNK"	"Denmark"	"C"	"Manufacturing"	"SK"	"Skills"	"2B2"	"Complex Problem Solving Skills"	"2015"	"2015"	0.095		
"DNK"	"Denmark"	"C"	"Manufacturing"	"SK"	"Skills"	"2B3"	"Technical Skills"	"2015"	"2015"	0.021		
"DNK"	"Denmark"	"C"	"Manufacturing"	"SK"	"Skills"	"2B4"	"Systems Skills"	"2015"	"2015"	0.088		
"DNK"	"Denmark"	"C"	"Manufacturing"	"SK"	"Skills"	"2B5"	"Resource Management Skills"	"2015"	"2015"	0.065		
"DNK"	"Denmark"	"J"	"Information and Communication"	"SK"	"Skills"	"2A1E"	"Mathematics Skills"	"2015"	"2015"	0.077		
"DNK"	"Denmark"	"J"	"Information and Communication"	"SK"	"Skills"	"2B2"	"Complex Problem Solving Skills"	"2015"	"2015"	0.105		
"DNK"	"Denmark"	"J"	"Information and Communication"	"SK"	"Skills"	"2B3"	"Technical Skills"	"2015"	"2015"	0.017		
"DNK"	"Denmark"	"J"	"Information and Communication"	"SK"	"Skills"	"2B4"	"Systems Skills"	"2015"	"2015"	0.092		
"DNK"	"Denmark"	"J"	"Information and Communication"	"SK"	"Skills"	"2B5"	"Resource Management Skills"	"2015"	"2015"	0.07		
"FIN"	"Finland"	"C"	"Manufacturing"	"SK"	"Skills"	"2A1E"	"Mathematics Skills"	"2015"	"2015"	0.153		
"FIN"	"Finland"	"C"	"Manufacturing"	"SK"	"Skills"	"2B2"	"Complex Problem Solving Skills"	"2015"	"2015"	0.175		
"FIN"	"Finland"	"C"	"Manufacturing"	"SK"	"Skills"	"2B3"	"Technical Skills"	"2015"	"2015"	0.032		
"FIN"	"Finland"	"C"	"Manufacturing"	"SK"	"Skills"	"2B4"	"Systems Skills"	"2015"	"2015"	0.161		
"FIN"	"Finland"	"C"	"Manufacturing"	"SK"	"Skills"	"2B5"	"Resource Management Skills"	"2015"	"2015"	0.101		
"FIN"	"Finland"	"J"	"Information and Communication"	"SK"	"Skills"	"2A1E"	"Mathematics Skills"	"2015"	"2015"	0.343		
"FIN"	"Finland"	"J"	"Information and Communication"	"SK"	"Skills"	"2B2"	"Complex Problem Solving Skills"	"2015"	"2015"	0.441		
"FIN"	"Finland"	"J"	"Information and Communication"	"SK"	"Skills"	"2B3"	"Technical Skills"	"2015"	"2015"	0.15		
"FIN"	"Finland"	"J"	"Information and Communication"	"SK"	"Skills"	"2B4"	"Systems Skills"	"2015"	"2015"	0.422		
"FIN"	"Finland"	"J"	"Information and Communication"	"SK"	"Skills"	"2B5"	"Resource Management Skills"	"2015"	"2015"	0.239		
"FRA"	"France"	"C"	"Manufacturing"	"SK"	"Skills"	"2A1E"	"Mathematics Skills"	"2015"	"2015"	0.011		
"FRA"	"France"	"C"	"Manufacturing"	"SK"	"Skills"	"2B2"	"Complex Problem Solving Skills"	"2015"	"2015"	0.015		
"FRA"	"France"	"C"	"Manufacturing"	"SK"	"Skills"	"2B3"	"Technical Skills"	"2015"	"2015"	-0.016		
"FRA"	"France"	"C"	"Manufacturing"	"SK"	"Skills"	"2B4"	"Systems Skills"	"2015"	"2015"	0.023		
"FRA"	"France"	"C"	"Manufacturing"	"SK"	"Skills"	"2B5"	"Resource Management Skills"	"2015"	"2015"	0.038		
"FRA"	"France"	"J"	"Information and Communication"	"SK"	"Skills"	"2A1E"	"Mathematics Skills"	"2015"	"2015"	0.022		
"FRA"	"France"	"J"	"Information and Communication"	"SK"	"Skills"	"2B2"	"Complex Problem Solving Skills"	"2015"	"2015"	0.03		
"FRA"	"France"	"J"	"Information and Communication"	"SK"	"Skills"	"2B3"	"Technical Skills"	"2015"	"2015"	0.006		
"FRA"	"France"	"J"	"Information and Communication"	"SK"	"Skills"	"2B4"	"Systems Skills"	"2015"	"2015"	0.034		
"FRA"	"France"	"J"	"Information and Communication"	"SK"	"Skills"	"2B5"	"Resource Management Skills"	"2015"	"2015"	0.082		
"DEU"	"Germany"	"C"	"Manufacturing"	"SK"	"Skills"	"2A1E"	"Mathematics Skills"	"2015"	"2015"	0.054		
"DEU"	"Germany"	"C"	"Manufacturing"	"SK"	"Skills"	"2B2"	"Complex Problem Solving Skills"	"2015"	"2015"	0.058		
"DEU"	"Germany"	"C"	"Manufacturing"	"SK"	"Skills"	"2B3"	"Technical Skills"	"2015"	"2015"	0.025		
"DEU"	"Germany"	"C"	"Manufacturing"	"SK"	"Skills"	"2B4"	"Systems Skills"	"2015"	"2015"	0.054		
"DEU"	"Germany"	"C"	"Manufacturing"	"SK"	"Skills"	"2B5"	"Resource Management Skills"	"2015"	"2015"	0.031		
"DEU"	"Germany"	"J"	"Information and Communication"	"SK"	"Skills"	"2A1E"	"Mathematics Skills"	"2015"	"2015"	0.086		
"DEU"	"Germany"	"J"	"Information and Communication"	"SK"	"Skills"	"2B2"	"Complex Problem Solving Skills"	"2015"	"2015"	0.108		
"DEU"	"Germany"	"J"	"Information and Communication"	"SK"	"Skills"	"2B3"	"Technical Skills"	"2015"	"2015"	0.028		
"DEU"	"Germany"	"J"	"Information and Communication"	"SK"	"Skills"	"2B4"	"Systems Skills"	"2015"	"2015"	0.1		
"DEU"	"Germany"	"J"	"Information and Communication"	"SK"	"Skills"	"2B5"	"Resource Management Skills"	"2015"	"2015"	0.053		
"GRC"	"Greece"	"C"	"Manufacturing"	"SK"	"Skills"	"2A1E"	"Mathematics Skills"	"2015"	"2015"	-0.039		
"GRC"	"Greece"	"C"	"Manufacturing"	"SK"	"Skills"	"2B2"	"Complex Problem Solving Skills"	"2015"	"2015"	-0.066		
"GRC"	"Greece"	"C"	"Manufacturing"	"SK"	"Skills"	"2B3"	"Technical Skills"	"2015"	"2015"	-0.058		
"GRC"	"Greece"	"C"	"Manufacturing"	"SK"	"Skills"	"2B5"	"Resource Management Skills"	"2015"	"2015"	-0.04		
"GRC"	"Greece"	"J"	"Information and Communication"	"SK"	"Skills"	"2A1E"	"Mathematics Skills"	"2015"	"2015"	0.086		
"GRC"	"Greece"	"J"	"Information and Communication"	"SK"	"Skills"	"2B2"	"Complex Problem Solving Skills"	"2015"	"2015"	0.12		
"GRC"	"Greece"	"J"	"Information and Communication"	"SK"	"Skills"	"2B3"	"Technical Skills"	"2015"	"2015"	0.01		
"GRC"	"Greece"	"J"	"Information and Communication"	"SK"	"Skills"	"2B4"	"Systems Skills"	"2015"	"2015"	0.098		
"GRC"	"Greece"	"J"	"Information and Communication"	"SK"	"Skills"	"2B5"	"Resource Management Skills"	"2015"	"2015"	0.062		
"HUN"	"Hungary"	"C"	"Manufacturing"	"SK"	"Skills"	"2A1E"	"Mathematics Skills"	"2015"	"2015"	-0.054		
"HUN"	"Hungary"	"C"	"Manufacturing"	"SK"	"Skills"	"2B2"	"Complex Problem Solving Skills"	"2015"	"2015"	-0.079		
"HUN"	"Hungary"	"C"	"Manufacturing"	"SK"	"Skills"	"2B3"	"Technical Skills"	"2015"	"2015"	-0.045		
"HUN"	"Hungary"	"C"	"Manufacturing"	"SK"	"Skills"	"2B4"	"Systems Skills"	"2015"	"2015"	-0.059		
"HUN"	"Hungary"	"C"	"Manufacturing"	"SK"	"Skills"	"2B5"	"Resource Management Skills"	"2015"	"2015"	-0.045		
"HUN"	"Hungary"	"J"	"Information and Communication"	"SK"	"Skills"	"2A1E"	"Mathematics Skills"	"2015"	"2015"	-0.031		
"HUN"	"Hungary"	"J"	"Information and Communication"	"SK"	"Skills"	"2B2"	"Complex Problem Solving Skills"	"2015"	"2015"	-0.011		
"HUN"	"Hungary"	"J"	"Information and Communication"	"SK"	"Skills"	"2B3"	"Technical Skills"	"2015"	"2015"	0		
"HUN"	"Hungary"	"J"	"Information and Communication"	"SK"	"Skills"	"2B4"	"Systems Skills"	"2015"	"2015"	-0.01		
"HUN"	"Hungary"	"J"	"Information and Communication"	"SK"	"Skills"	"2B5"	"Resource Management Skills"	"2015"	"2015"	-0.017		
"ISL"	"Iceland"	"C"	"Manufacturing"	"SK"	"Skills"	"2A1E"	"Mathematics Skills"	"2015"	"2015"	0.046		
"ISL"	"Iceland"	"C"	"Manufacturing"	"SK"	"Skills"	"2B2"	"Complex Problem Solving Skills"	"2015"	"2015"	0.054		
"ISL"	"Iceland"	"C"	"Manufacturing"	"SK"	"Skills"	"2B3"	"Technical Skills"	"2015"	"2015"	0.009		
"ISL"	"Iceland"	"C"	"Manufacturing"	"SK"	"Skills"	"2B4"	"Systems Skills"	"2015"	"2015"	0.062		
"ISL"	"Iceland"	"C"	"Manufacturing"	"SK"	"Skills"	"2B5"	"Resource Management Skills"	"2015"	"2015"	0.057		
"ISL"	"Iceland"	"J"	"Information and Communication"	"SK"	"Skills"	"2A1E"	"Mathematics Skills"	"2015"	"2015"	0.077		
"ISL"	"Iceland"	"J"	"Information and Communication"	"SK"	"Skills"	"2B2"	"Complex Problem Solving Skills"	"2015"	"2015"	0.117		
"ISL"	"Iceland"	"J"	"Information and Communication"	"SK"	"Skills"	"2B3"	"Technical Skills"	"2015"	"2015"	0.032		
"ISL"	"Iceland"	"J"	"Information and Communication"	"SK"	"Skills"	"2B4"	"Systems Skills"	"2015"	"2015"	0.114		
"ISL"	"Iceland"	"J"	"Information and Communication"	"SK"	"Skills"	"2B5"	"Resource Management Skills"	"2015"	"2015"	0.088		
"IRL"	"Ireland"	"C"	"Manufacturing"	"SK"	"Skills"	"2A1E"	"Mathematics Skills"	"2015"	"2015"	0.011		
"IRL"	"Ireland"	"C"	"Manufacturing"	"SK"	"Skills"	"2B2"	"Complex Problem Solving Skills"	"2015"	"2015"	0.007		
"IRL"	"Ireland"	"C"	"Manufacturing"	"SK"	"Skills"	"2B3"	"Technical Skills"	"2015"	"2015"	-0.026		
"IRL"	"Ireland"	"C"	"Manufacturing"	"SK"	"Skills"	"2B4"	"Systems Skills"	"2015"	"2015"	0.032		
"IRL"	"Ireland"	"C"	"Manufacturing"	"SK"	"Skills"	"2B5"	"Resource Management Skills"	"2015"	"2015"	0.034		
"IRL"	"Ireland"	"J"	"Information and Communication"	"SK"	"Skills"	"2A1E"	"Mathematics Skills"	"2015"	"2015"	0.049		
"IRL"	"Ireland"	"J"	"Information and Communication"	"SK"	"Skills"	"2B2"	"Complex Problem Solving Skills"	"2015"	"2015"	0.074		
"IRL"	"Ireland"	"J"	"Information and Communication"	"SK"	"Skills"	"2B3"	"Technical Skills"	"2015"	"2015"	0.011		
"IRL"	"Ireland"	"J"	"Information and Communication"	"SK"	"Skills"	"2B4"	"Systems Skills"	"2015"	"2015"	0.072		
"IRL"	"Ireland"	"J"	"Information and Communication"	"SK"	"Skills"	"2B5"	"Resource Management Skills"	"2015"	"2015"	0.076		
"ITA"	"Italy"	"C"	"Manufacturing"	"SK"	"Skills"	"2A1E"	"Mathematics Skills"	"2015"	"2015"	0.105		
"ITA"	"Italy"	"C"	"Manufacturing"	"SK"	"Skills"	"2B2"	"Complex Problem Solving Skills"	"2015"	"2015"	0.131		
"ITA"	"Italy"	"C"	"Manufacturing"	"SK"	"Skills"	"2B3"	"Technical Skills"	"2015"	"2015"	0.061		
"ITA"	"Italy"	"C"	"Manufacturing"	"SK"	"Skills"	"2B4"	"Systems Skills"	"2015"	"2015"	0.115		
"ITA"	"Italy"	"C"	"Manufacturing"	"SK"	"Skills"	"2B5"	"Resource Management Skills"	"2015"	"2015"	0.079		
"ITA"	"Italy"	"J"	"Information and Communication"	"SK"	"Skills"	"2A1E"	"Mathematics Skills"	"2015"	"2015"	0.16		
"ITA"	"Italy"	"J"	"Information and Communication"	"SK"	"Skills"	"2B2"	"Complex Problem Solving Skills"	"2015"	"2015"	0.226		
"ITA"	"Italy"	"J"	"Information and Communication"	"SK"	"Skills"	"2B3"	"Technical Skills"	"2015"	"2015"	0.074		
"ITA"	"Italy"	"J"	"Information and Communication"	"SK"	"Skills"	"2B4"	"Systems Skills"	"2015"	"2015"	0.198		
"ITA"	"Italy"	"J"	"Information and Communication"	"SK"	"Skills"	"2B5"	"Resource Management Skills"	"2015"	"2015"	0.126		
"LUX"	"Luxembourg"	"C"	"Manufacturing"	"SK"	"Skills"	"2A1E"	"Mathematics Skills"	"2015"	"2015"	0.062		
"LUX"	"Luxembourg"	"C"	"Manufacturing"	"SK"	"Skills"	"2B2"	"Complex Problem Solving Skills"	"2015"	"2015"	0.063		
"LUX"	"Luxembourg"	"C"	"Manufacturing"	"SK"	"Skills"	"2B3"	"Technical Skills"	"2015"	"2015"	-0.006		
"LUX"	"Luxembourg"	"C"	"Manufacturing"	"SK"	"Skills"	"2B4"	"Systems Skills"	"2015"	"2015"	0.062		
"LUX"	"Luxembourg"	"C"	"Manufacturing"	"SK"	"Skills"	"2B5"	"Resource Management Skills"	"2015"	"2015"	0.035		
"LUX"	"Luxembourg"	"J"	"Information and Communication"	"SK"	"Skills"	"2A1E"	"Mathematics Skills"	"2015"	"2015"	0.072		
"LUX"	"Luxembourg"	"J"	"Information and Communication"	"SK"	"Skills"	"2B2"	"Complex Problem Solving Skills"	"2015"	"2015"	0.09		
"LUX"	"Luxembourg"	"J"	"Information and Communication"	"SK"	"Skills"	"2B3"	"Technical Skills"	"2015"	"2015"	0.006		
"LUX"	"Luxembourg"	"J"	"Information and Communication"	"SK"	"Skills"	"2B4"	"Systems Skills"	"2015"	"2015"	0.083		
"LUX"	"Luxembourg"	"J"	"Information and Communication"	"SK"	"Skills"	"2B5"	"Resource Management Skills"	"2015"	"2015"	0.045		
"NLD"	"Netherlands"	"C"	"Manufacturing"	"SK"	"Skills"	"2A1E"	"Mathematics Skills"	"2015"	"2015"	-0.021		
"NLD"	"Netherlands"	"C"	"Manufacturing"	"SK"	"Skills"	"2B2"	"Complex Problem Solving Skills"	"2015"	"2015"	-0.024		
"NLD"	"Netherlands"	"C"	"Manufacturing"	"SK"	"Skills"	"2B3"	"Technical Skills"	"2015"	"2015"	-0.024		
"NLD"	"Netherlands"	"C"	"Manufacturing"	"SK"	"Skills"	"2B4"	"Systems Skills"	"2015"	"2015"	-0.005		
"NLD"	"Netherlands"	"C"	"Manufacturing"	"SK"	"Skills"	"2B5"	"Resource Management Skills"	"2015"	"2015"	-0.013		
"NLD"	"Netherlands"	"J"	"Information and Communication"	"SK"	"Skills"	"2A1E"	"Mathematics Skills"	"2015"	"2015"	0.112		
"NLD"	"Netherlands"	"J"	"Information and Communication"	"SK"	"Skills"	"2B2"	"Complex Problem Solving Skills"	"2015"	"2015"	0.183		
"NLD"	"Netherlands"	"J"	"Information and Communication"	"SK"	"Skills"	"2B3"	"Technical Skills"	"2015"	"2015"	0.049		
"NLD"	"Netherlands"	"J"	"Information and Communication"	"SK"	"Skills"	"2B4"	"Systems Skills"	"2015"	"2015"	0.17		
"NLD"	"Netherlands"	"J"	"Information and Communication"	"SK"	"Skills"	"2B5"	"Resource Management Skills"	"2015"	"2015"	0.101		
"NOR"	"Norway"	"C"	"Manufacturing"	"SK"	"Skills"	"2A1E"	"Mathematics Skills"	"2015"	"2015"	0.086		
"NOR"	"Norway"	"C"	"Manufacturing"	"SK"	"Skills"	"2B2"	"Complex Problem Solving Skills"	"2015"	"2015"	0.122		
"NOR"	"Norway"	"C"	"Manufacturing"	"SK"	"Skills"	"2B3"	"Technical Skills"	"2015"	"2015"	0.041		
"NOR"	"Norway"	"C"	"Manufacturing"	"SK"	"Skills"	"2B4"	"Systems Skills"	"2015"	"2015"	0.11		
"NOR"	"Norway"	"C"	"Manufacturing"	"SK"	"Skills"	"2B5"	"Resource Management Skills"	"2015"	"2015"	0.093		
"NOR"	"Norway"	"J"	"Information and Communication"	"SK"	"Skills"	"2A1E"	"Mathematics Skills"	"2015"	"2015"	0.152		
"NOR"	"Norway"	"J"	"Information and Communication"	"SK"	"Skills"	"2B2"	"Complex Problem Solving Skills"	"2015"	"2015"	0.226		
"NOR"	"Norway"	"J"	"Information and Communication"	"SK"	"Skills"	"2B3"	"Technical Skills"	"2015"	"2015"	0.073		
"NOR"	"Norway"	"J"	"Information and Communication"	"SK"	"Skills"	"2B4"	"Systems Skills"	"2015"	"2015"	0.218		
"NOR"	"Norway"	"J"	"Information and Communication"	"SK"	"Skills"	"2B5"	"Resource Management Skills"	"2015"	"2015"	0.141		
"POL"	"Poland"	"C"	"Manufacturing"	"SK"	"Skills"	"2A1E"	"Mathematics Skills"	"2015"	"2015"	-0.014		
"POL"	"Poland"	"C"	"Manufacturing"	"SK"	"Skills"	"2B2"	"Complex Problem Solving Skills"	"2015"	"2015"	-0.022		
"POL"	"Poland"	"C"	"Manufacturing"	"SK"	"Skills"	"2B3"	"Technical Skills"	"2015"	"2015"	0.002		
"POL"	"Poland"	"C"	"Manufacturing"	"SK"	"Skills"	"2B4"	"Systems Skills"	"2015"	"2015"	-0.014		
"POL"	"Poland"	"C"	"Manufacturing"	"SK"	"Skills"	"2B5"	"Resource Management Skills"	"2015"	"2015"	-0.025		
"POL"	"Poland"	"J"	"Information and Communication"	"SK"	"Skills"	"2A1E"	"Mathematics Skills"	"2015"	"2015"	0.12		
"POL"	"Poland"	"J"	"Information and Communication"	"SK"	"Skills"	"2B2"	"Complex Problem Solving Skills"	"2015"	"2015"	0.167		
"POL"	"Poland"	"J"	"Information and Communication"	"SK"	"Skills"	"2B3"	"Technical Skills"	"2015"	"2015"	0.07		
"POL"	"Poland"	"J"	"Information and Communication"	"SK"	"Skills"	"2B4"	"Systems Skills"	"2015"	"2015"	0.155		
"POL"	"Poland"	"J"	"Information and Communication"	"SK"	"Skills"	"2B5"	"Resource Management Skills"	"2015"	"2015"	0.054		
"PRT"	"Portugal"	"C"	"Manufacturing"	"SK"	"Skills"	"2A1E"	"Mathematics Skills"	"2015"	"2015"	0.027		
"PRT"	"Portugal"	"C"	"Manufacturing"	"SK"	"Skills"	"2B2"	"Complex Problem Solving Skills"	"2015"	"2015"	0.048		
"PRT"	"Portugal"	"C"	"Manufacturing"	"SK"	"Skills"	"2B3"	"Technical Skills"	"2015"	"2015"	0.028		
"PRT"	"Portugal"	"C"	"Manufacturing"	"SK"	"Skills"	"2B4"	"Systems Skills"	"2015"	"2015"	0.043		
"PRT"	"Portugal"	"C"	"Manufacturing"	"SK"	"Skills"	"2B5"	"Resource Management Skills"	"2015"	"2015"	0.033		
"PRT"	"Portugal"	"J"	"Information and Communication"	"SK"	"Skills"	"2A1E"	"Mathematics Skills"	"2015"	"2015"	0.112		
"PRT"	"Portugal"	"J"	"Information and Communication"	"SK"	"Skills"	"2B2"	"Complex Problem Solving Skills"	"2015"	"2015"	0.163		
"PRT"	"Portugal"	"J"	"Information and Communication"	"SK"	"Skills"	"2B3"	"Technical Skills"	"2015"	"2015"	0.062		
"PRT"	"Portugal"	"J"	"Information and Communication"	"SK"	"Skills"	"2B4"	"Systems Skills"	"2015"	"2015"	0.162		
"PRT"	"Portugal"	"J"	"Information and Communication"	"SK"	"Skills"	"2B5"	"Resource Management Skills"	"2015"	"2015"	0.09		
"SVK"	"Slovak Republic"	"C"	"Manufacturing"	"SK"	"Skills"	"2A1E"	"Mathematics Skills"	"2015"	"2015"	-0.003		
"SVK"	"Slovak Republic"	"C"	"Manufacturing"	"SK"	"Skills"	"2B2"	"Complex Problem Solving Skills"	"2015"	"2015"	-0.007		
"SVK"	"Slovak Republic"	"C"	"Manufacturing"	"SK"	"Skills"	"2B3"	"Technical Skills"	"2015"	"2015"	-0.011		
"SVK"	"Slovak Republic"	"C"	"Manufacturing"	"SK"	"Skills"	"2B4"	"Systems Skills"	"2015"	"2015"	0		
"SVK"	"Slovak Republic"	"C"	"Manufacturing"	"SK"	"Skills"	"2B5"	"Resource Management Skills"	"2015"	"2015"	0.001		
"SVK"	"Slovak Republic"	"J"	"Information and Communication"	"SK"	"Skills"	"2A1E"	"Mathematics Skills"	"2015"	"2015"	0.136		
"SVK"	"Slovak Republic"	"J"	"Information and Communication"	"SK"	"Skills"	"2B2"	"Complex Problem Solving Skills"	"2015"	"2015"	0.183		
"SVK"	"Slovak Republic"	"J"	"Information and Communication"	"SK"	"Skills"	"2B3"	"Technical Skills"	"2015"	"2015"	0.078		
"SVK"	"Slovak Republic"	"J"	"Information and Communication"	"SK"	"Skills"	"2B4"	"Systems Skills"	"2015"	"2015"	0.168		
"SVK"	"Slovak Republic"	"J"	"Information and Communication"	"SK"	"Skills"	"2B5"	"Resource Management Skills"	"2015"	"2015"	0.103		
"ESP"	"Spain"	"C"	"Manufacturing"	"SK"	"Skills"	"2A1E"	"Mathematics Skills"	"2015"	"2015"	0.043		
"ESP"	"Spain"	"C"	"Manufacturing"	"SK"	"Skills"	"2B2"	"Complex Problem Solving Skills"	"2015"	"2015"	0.052		
"ESP"	"Spain"	"C"	"Manufacturing"	"SK"	"Skills"	"2B3"	"Technical Skills"	"2015"	"2015"	0.018		
"ESP"	"Spain"	"C"	"Manufacturing"	"SK"	"Skills"	"2B4"	"Systems Skills"	"2015"	"2015"	0.047		
"ESP"	"Spain"	"C"	"Manufacturing"	"SK"	"Skills"	"2B5"	"Resource Management Skills"	"2015"	"2015"	0.023		
"ESP"	"Spain"	"J"	"Information and Communication"	"SK"	"Skills"	"2A1E"	"Mathematics Skills"	"2015"	"2015"	0.104		
"ESP"	"Spain"	"J"	"Information and Communication"	"SK"	"Skills"	"2B2"	"Complex Problem Solving Skills"	"2015"	"2015"	0.133		
"ESP"	"Spain"	"J"	"Information and Communication"	"SK"	"Skills"	"2B3"	"Technical Skills"	"2015"	"2015"	0.05		
"ESP"	"Spain"	"J"	"Information and Communication"	"SK"	"Skills"	"2B4"	"Systems Skills"	"2015"	"2015"	0.116		
"ESP"	"Spain"	"J"	"Information and Communication"	"SK"	"Skills"	"2B5"	"Resource Management Skills"	"2015"	"2015"	0.063		
"SWE"	"Sweden"	"C"	"Manufacturing"	"SK"	"Skills"	"2A1E"	"Mathematics Skills"	"2015"	"2015"	-0.018		
"SWE"	"Sweden"	"C"	"Manufacturing"	"SK"	"Skills"	"2B2"	"Complex Problem Solving Skills"	"2015"	"2015"	-0.028		
"SWE"	"Sweden"	"C"	"Manufacturing"	"SK"	"Skills"	"2B3"	"Technical Skills"	"2015"	"2015"	-0.029		
"SWE"	"Sweden"	"C"	"Manufacturing"	"SK"	"Skills"	"2B4"	"Systems Skills"	"2015"	"2015"	-0.019		
"SWE"	"Sweden"	"C"	"Manufacturing"	"SK"	"Skills"	"2B5"	"Resource Management Skills"	"2015"	"2015"	-0.009		
"SWE"	"Sweden"	"J"	"Information and Communication"	"SK"	"Skills"	"2A1E"	"Mathematics Skills"	"2015"	"2015"	0.058		
"SWE"	"Sweden"	"J"	"Information and Communication"	"SK"	"Skills"	"2B2"	"Complex Problem Solving Skills"	"2015"	"2015"	0.071		
"SWE"	"Sweden"	"J"	"Information and Communication"	"SK"	"Skills"	"2B3"	"Technical Skills"	"2015"	"2015"	0.026		
"SWE"	"Sweden"	"J"	"Information and Communication"	"SK"	"Skills"	"2B4"	"Systems Skills"	"2015"	"2015"	0.071		
"SWE"	"Sweden"	"J"	"Information and Communication"	"SK"	"Skills"	"2B5"	"Resource Management Skills"	"2015"	"2015"	0.042		
"CHE"	"Switzerland"	"C"	"Manufacturing"	"SK"	"Skills"	"2A1E"	"Mathematics Skills"	"2015"	"2015"	-0.014		
"CHE"	"Switzerland"	"C"	"Manufacturing"	"SK"	"Skills"	"2B2"	"Complex Problem Solving Skills"	"2015"	"2015"	-0.018		
"CHE"	"Switzerland"	"C"	"Manufacturing"	"SK"	"Skills"	"2B3"	"Technical Skills"	"2015"	"2015"	-0.014		
"CHE"	"Switzerland"	"C"	"Manufacturing"	"SK"	"Skills"	"2B4"	"Systems Skills"	"2015"	"2015"	-0.009		
"CHE"	"Switzerland"	"C"	"Manufacturing"	"SK"	"Skills"	"2B5"	"Resource Management Skills"	"2015"	"2015"	-0.004		
"CHE"	"Switzerland"	"J"	"Information and Communication"	"SK"	"Skills"	"2A1E"	"Mathematics Skills"	"2015"	"2015"	-0.003		
"CHE"	"Switzerland"	"J"	"Information and Communication"	"SK"	"Skills"	"2B2"	"Complex Problem Solving Skills"	"2015"	"2015"	0.015		
"CHE"	"Switzerland"	"J"	"Information and Communication"	"SK"	"Skills"	"2B3"	"Technical Skills"	"2015"	"2015"	-0.002		
"CHE"	"Switzerland"	"J"	"Information and Communication"	"SK"	"Skills"	"2B4"	"Systems Skills"	"2015"	"2015"	0.013		
"CHE"	"Switzerland"	"J"	"Information and Communication"	"SK"	"Skills"	"2B5"	"Resource Management Skills"	"2015"	"2015"	0.02		
"BGR"	"Bulgaria"	"C"	"Manufacturing"	"SK"	"Skills"	"2A1E"	"Mathematics Skills"	"2015"	"2015"	0.015		
"BGR"	"Bulgaria"	"C"	"Manufacturing"	"SK"	"Skills"	"2B2"	"Complex Problem Solving Skills"	"2015"	"2015"	0.018		
"BGR"	"Bulgaria"	"C"	"Manufacturing"	"SK"	"Skills"	"2B3"	"Technical Skills"	"2015"	"2015"	0.017		
"BGR"	"Bulgaria"	"C"	"Manufacturing"	"SK"	"Skills"	"2B4"	"Systems Skills"	"2015"	"2015"	0.018		
"BGR"	"Bulgaria"	"C"	"Manufacturing"	"SK"	"Skills"	"2B5"	"Resource Management Skills"	"2015"	"2015"	0.007		
"BGR"	"Bulgaria"	"J"	"Information and Communication"	"SK"	"Skills"	"2A1E"	"Mathematics Skills"	"2015"	"2015"	0.118		
"BGR"	"Bulgaria"	"J"	"Information and Communication"	"SK"	"Skills"	"2B2"	"Complex Problem Solving Skills"	"2015"	"2015"	0.176		
"BGR"	"Bulgaria"	"J"	"Information and Communication"	"SK"	"Skills"	"2B3"	"Technical Skills"	"2015"	"2015"	0.061		
"BGR"	"Bulgaria"	"J"	"Information and Communication"	"SK"	"Skills"	"2B4"	"Systems Skills"	"2015"	"2015"	0.162		
"BGR"	"Bulgaria"	"J"	"Information and Communication"	"SK"	"Skills"	"2B5"	"Resource Management Skills"	"2015"	"2015"	0.08		
"CYP"	"Cyprus"	"C"	"Manufacturing"	"SK"	"Skills"	"2A1E"	"Mathematics Skills"	"2015"	"2015"	-0.123		
"CYP"	"Cyprus"	"C"	"Manufacturing"	"SK"	"Skills"	"2B2"	"Complex Problem Solving Skills"	"2015"	"2015"	-0.154		
"CYP"	"Cyprus"	"C"	"Manufacturing"	"SK"	"Skills"	"2B3"	"Technical Skills"	"2015"	"2015"	-0.08		
"CYP"	"Cyprus"	"C"	"Manufacturing"	"SK"	"Skills"	"2B4"	"Systems Skills"	"2015"	"2015"	-0.119		
"CYP"	"Cyprus"	"C"	"Manufacturing"	"SK"	"Skills"	"2B5"	"Resource Management Skills"	"2015"	"2015"	-0.11		
"CYP"	"Cyprus"	"J"	"Information and Communication"	"SK"	"Skills"	"2A1E"	"Mathematics Skills"	"2015"	"2015"	0.031		
"CYP"	"Cyprus"	"J"	"Information and Communication"	"SK"	"Skills"	"2B2"	"Complex Problem Solving Skills"	"2015"	"2015"	0.066		
"CYP"	"Cyprus"	"J"	"Information and Communication"	"SK"	"Skills"	"2B3"	"Technical Skills"	"2015"	"2015"	0.004		
"CYP"	"Cyprus"	"J"	"Information and Communication"	"SK"	"Skills"	"2B4"	"Systems Skills"	"2015"	"2015"	0.056		
"CYP"	"Cyprus"	"J"	"Information and Communication"	"SK"	"Skills"	"2B5"	"Resource Management Skills"	"2015"	"2015"	0.016		
"EST"	"Estonia"	"C"	"Manufacturing"	"SK"	"Skills"	"2A1E"	"Mathematics Skills"	"2015"	"2015"	0.031		
"EST"	"Estonia"	"C"	"Manufacturing"	"SK"	"Skills"	"2B2"	"Complex Problem Solving Skills"	"2015"	"2015"	0.054		
"EST"	"Estonia"	"C"	"Manufacturing"	"SK"	"Skills"	"2B3"	"Technical Skills"	"2015"	"2015"	0.011		
"EST"	"Estonia"	"C"	"Manufacturing"	"SK"	"Skills"	"2B4"	"Systems Skills"	"2015"	"2015"	0.051		
"EST"	"Estonia"	"C"	"Manufacturing"	"SK"	"Skills"	"2B5"	"Resource Management Skills"	"2015"	"2015"	0.047		
"EST"	"Estonia"	"J"	"Information and Communication"	"SK"	"Skills"	"2A1E"	"Mathematics Skills"	"2015"	"2015"	0.16		
"EST"	"Estonia"	"J"	"Information and Communication"	"SK"	"Skills"	"2B2"	"Complex Problem Solving Skills"	"2015"	"2015"	0.254		
"EST"	"Estonia"	"J"	"Information and Communication"	"SK"	"Skills"	"2B3"	"Technical Skills"	"2015"	"2015"	0.065		
"EST"	"Estonia"	"J"	"Information and Communication"	"SK"	"Skills"	"2B4"	"Systems Skills"	"2015"	"2015"	0.233		
"EST"	"Estonia"	"J"	"Information and Communication"	"SK"	"Skills"	"2B5"	"Resource Management Skills"	"2015"	"2015"	0.195		
"LVA"	"Latvia"	"C"	"Manufacturing"	"SK"	"Skills"	"2A1E"	"Mathematics Skills"	"2015"	"2015"	-0.002		
"LVA"	"Latvia"	"C"	"Manufacturing"	"SK"	"Skills"	"2B2"	"Complex Problem Solving Skills"	"2015"	"2015"	-0.011		
"LVA"	"Latvia"	"C"	"Manufacturing"	"SK"	"Skills"	"2B3"	"Technical Skills"	"2015"	"2015"	-0.019		
"LVA"	"Latvia"	"C"	"Manufacturing"	"SK"	"Skills"	"2B4"	"Systems Skills"	"2015"	"2015"	0.003		
"LVA"	"Latvia"	"C"	"Manufacturing"	"SK"	"Skills"	"2B5"	"Resource Management Skills"	"2015"	"2015"	0.002		
"LVA"	"Latvia"	"J"	"Information and Communication"	"SK"	"Skills"	"2A1E"	"Mathematics Skills"	"2015"	"2015"	0.063		
"LVA"	"Latvia"	"J"	"Information and Communication"	"SK"	"Skills"	"2B2"	"Complex Problem Solving Skills"	"2015"	"2015"	0.089		
"LVA"	"Latvia"	"J"	"Information and Communication"	"SK"	"Skills"	"2B3"	"Technical Skills"	"2015"	"2015"	0.03		
"LVA"	"Latvia"	"J"	"Information and Communication"	"SK"	"Skills"	"2B4"	"Systems Skills"	"2015"	"2015"	0.08		
"LVA"	"Latvia"	"J"	"Information and Communication"	"SK"	"Skills"	"2B5"	"Resource Management Skills"	"2015"	"2015"	0.071		
"LTU"	"Lithuania"	"C"	"Manufacturing"	"SK"	"Skills"	"2A1E"	"Mathematics Skills"	"2015"	"2015"	0.05		
"LTU"	"Lithuania"	"C"	"Manufacturing"	"SK"	"Skills"	"2B2"	"Complex Problem Solving Skills"	"2015"	"2015"	0.062		
"LTU"	"Lithuania"	"C"	"Manufacturing"	"SK"	"Skills"	"2B3"	"Technical Skills"	"2015"	"2015"	0.022		
"LTU"	"Lithuania"	"C"	"Manufacturing"	"SK"	"Skills"	"2B4"	"Systems Skills"	"2015"	"2015"	0.051		
"LTU"	"Lithuania"	"C"	"Manufacturing"	"SK"	"Skills"	"2B5"	"Resource Management Skills"	"2015"	"2015"	0.038		
"LTU"	"Lithuania"	"J"	"Information and Communication"	"SK"	"Skills"	"2A1E"	"Mathematics Skills"	"2015"	"2015"	0.128		
"LTU"	"Lithuania"	"J"	"Information and Communication"	"SK"	"Skills"	"2B2"	"Complex Problem Solving Skills"	"2015"	"2015"	0.174		
"LTU"	"Lithuania"	"J"	"Information and Communication"	"SK"	"Skills"	"2B3"	"Technical Skills"	"2015"	"2015"	0.046		
"LTU"	"Lithuania"	"J"	"Information and Communication"	"SK"	"Skills"	"2B4"	"Systems Skills"	"2015"	"2015"	0.157		
"LTU"	"Lithuania"	"J"	"Information and Communication"	"SK"	"Skills"	"2B5"	"Resource Management Skills"	"2015"	"2015"	0.103		
"ROU"	"Romania"	"C"	"Manufacturing"	"SK"	"Skills"	"2A1E"	"Mathematics Skills"	"2015"	"2015"	0.048		
"ROU"	"Romania"	"C"	"Manufacturing"	"SK"	"Skills"	"2B2"	"Complex Problem Solving Skills"	"2015"	"2015"	0.052		
"ROU"	"Romania"	"C"	"Manufacturing"	"SK"	"Skills"	"2B3"	"Technical Skills"	"2015"	"2015"	0.028		
"ROU"	"Romania"	"C"	"Manufacturing"	"SK"	"Skills"	"2B4"	"Systems Skills"	"2015"	"2015"	0.045		
"ROU"	"Romania"	"C"	"Manufacturing"	"SK"	"Skills"	"2B5"	"Resource Management Skills"	"2015"	"2015"	0.027		
"ROU"	"Romania"	"J"	"Information and Communication"	"SK"	"Skills"	"2A1E"	"Mathematics Skills"	"2015"	"2015"	0.034		
"ROU"	"Romania"	"J"	"Information and Communication"	"SK"	"Skills"	"2B2"	"Complex Problem Solving Skills"	"2015"	"2015"	-0.005		
"ROU"	"Romania"	"J"	"Information and Communication"	"SK"	"Skills"	"2B3"	"Technical Skills"	"2015"	"2015"	-0.033		
"ROU"	"Romania"	"J"	"Information and Communication"	"SK"	"Skills"	"2B4"	"Systems Skills"	"2015"	"2015"	0.011		
"ROU"	"Romania"	"J"	"Information and Communication"	"SK"	"Skills"	"2B5"	"Resource Management Skills"	"2015"	"2015"	-0.007		
"SVN"	"Slovenia"	"C"	"Manufacturing"	"SK"	"Skills"	"2A1E"	"Mathematics Skills"	"2015"	"2015"	-0.009		
"SVN"	"Slovenia"	"C"	"Manufacturing"	"SK"	"Skills"	"2B2"	"Complex Problem Solving Skills"	"2015"	"2015"	-0.024		
"SVN"	"Slovenia"	"C"	"Manufacturing"	"SK"	"Skills"	"2B3"	"Technical Skills"	"2015"	"2015"	-0.015		
"SVN"	"Slovenia"	"C"	"Manufacturing"	"SK"	"Skills"	"2B4"	"Systems Skills"	"2015"	"2015"	-0.023		
"SVN"	"Slovenia"	"C"	"Manufacturing"	"SK"	"Skills"	"2B5"	"Resource Management Skills"	"2015"	"2015"	-0.026		
"SVN"	"Slovenia"	"J"	"Information and Communication"	"SK"	"Skills"	"2A1E"	"Mathematics Skills"	"2015"	"2015"	-0.003		
"SVN"	"Slovenia"	"J"	"Information and Communication"	"SK"	"Skills"	"2B1"	"Social Skills"	"2015"	"2015"	-0.025		
"SVN"	"Slovenia"	"J"	"Information and Communication"	"SK"	"Skills"	"2B2"	"Complex Problem Solving Skills"	"2015"	"2015"	-0.017		
"SVN"	"Slovenia"	"J"	"Information and Communication"	"SK"	"Skills"	"2B3"	"Technical Skills"	"2015"	"2015"	0.01		
"SVN"	"Slovenia"	"J"	"Information and Communication"	"SK"	"Skills"	"2B4"	"Systems Skills"	"2015"	"2015"	-0.019		
"SVN"	"Slovenia"	"J"	"Information and Communication"	"SK"	"Skills"	"2B5"	"Resource Management Skills"	"2015"	"2015"	-0.036		
"GRC"	"Greece"	"C"	"Manufacturing"	"SK"	"Skills"	"2A2"	"Basic Skills (Process)"	"2015"	"2015"	-0.065		
"POL"	"Poland"	"J"	"Information and Communication"	"SK"	"Skills"	"2B1"	"Social Skills"	"2015"	"2015"	0.088		
"LTU"	"Lithuania"	"C"	"Manufacturing"	"SK"	"Skills"	"2A2"	"Basic Skills (Process)"	"2015"	"2015"	0.061		
"EU"	"European Union"	"J"	"Information and Communication"	"SK"	"Skills"	"2A1E"	"Mathematics Skills"	"2015"	"2015"	0.089		
"SVK"	"Slovak Republic"	"C"	"Manufacturing"	"SK"	"Skills"	"2A2"	"Basic Skills (Process)"	"2015"	"2015"	-0.007		
"HUN"	"Hungary"	"C"	"Manufacturing"	"SK"	"Skills"	"2A1"	"Basic Skills (Content)"	"2015"	"2015"	-0.067		
"ESP"	"Spain"	"C"	"Manufacturing"	"SK"	"Skills"	"2A1"	"Basic Skills (Content)"	"2015"	"2015"	0.06		
"FIN"	"Finland"	"J"	"Information and Communication"	"SK"	"Skills"	"2A2"	"Basic Skills (Process)"	"2015"	"2015"	0.419		
"FRA"	"France"	"J"	"Information and Communication"	"SK"	"Skills"	"2A1"	"Basic Skills (Content)"	"2015"	"2015"	0.027		
"FRA"	"France"	"J"	"Information and Communication"	"SK"	"Skills"	"2B1"	"Social Skills"	"2015"	"2015"	0.05		
"ESP"	"Spain"	"C"	"Manufacturing"	"SK"	"Skills"	"2A2"	"Basic Skills (Process)"	"2015"	"2015"	0.055		
"POL"	"Poland"	"J"	"Information and Communication"	"SK"	"Skills"	"2A1"	"Basic Skills (Content)"	"2015"	"2015"	0.14		
"NOR"	"Norway"	"J"	"Information and Communication"	"SK"	"Skills"	"2A2"	"Basic Skills (Process)"	"2015"	"2015"	0.216		
"ESP"	"Spain"	"C"	"Manufacturing"	"SK"	"Skills"	"2B1"	"Social Skills"	"2015"	"2015"	0.047		
"HUN"	"Hungary"	"C"	"Manufacturing"	"SK"	"Skills"	"2B1"	"Social Skills"	"2015"	"2015"	-0.06		
"LUX"	"Luxembourg"	"J"	"Information and Communication"	"SK"	"Skills"	"2A1"	"Basic Skills (Content)"	"2015"	"2015"	0.092		
"SVK"	"Slovak Republic"	"C"	"Manufacturing"	"SK"	"Skills"	"2B1"	"Social Skills"	"2015"	"2015"	-0.002		
"AUT"	"Austria"	"J"	"Information and Communication"	"SK"	"Skills"	"2A1"	"Basic Skills (Content)"	"2015"	"2015"	0.097		
"LTU"	"Lithuania"	"C"	"Manufacturing"	"SK"	"Skills"	"2B1"	"Social Skills"	"2015"	"2015"	0.045		
"FRA"	"France"	"C"	"Manufacturing"	"SK"	"Skills"	"2A2"	"Basic Skills (Process)"	"2015"	"2015"	0.02		
"DNK"	"Denmark"	"J"	"Information and Communication"	"SK"	"Skills"	"2B1"	"Social Skills"	"2015"	"2015"	0.102		
"EU"	"European Union"	"J"	"Information and Communication"	"SK"	"Skills"	"2A2"	"Basic Skills (Process)"	"2015"	"2015"	0.121		
"SVN"	"Slovenia"	"J"	"Information and Communication"	"SK"	"Skills"	"2A2"	"Basic Skills (Process)"	"2015"	"2015"	-0.022		
"CZE"	"Czech Republic"	"J"	"Information and Communication"	"SK"	"Skills"	"2A2"	"Basic Skills (Process)"	"2015"	"2015"	0.131		
"NOR"	"Norway"	"J"	"Information and Communication"	"SK"	"Skills"	"2A1"	"Basic Skills (Content)"	"2015"	"2015"	0.199		
"PRT"	"Portugal"	"C"	"Manufacturing"	"SK"	"Skills"	"2A2"	"Basic Skills (Process)"	"2015"	"2015"	0.048		
"FIN"	"Finland"	"J"	"Information and Communication"	"SK"	"Skills"	"2B1"	"Social Skills"	"2015"	"2015"	0.333		
"EU"	"European Union"	"J"	"Information and Communication"	"SK"	"Skills"	"2B1"	"Social Skills"	"2015"	"2015"	0.097		
"AUT"	"Austria"	"J"	"Information and Communication"	"SK"	"Skills"	"2B1"	"Social Skills"	"2015"	"2015"	0.072		
"PRT"	"Portugal"	"C"	"Manufacturing"	"SK"	"Skills"	"2B1"	"Social Skills"	"2015"	"2015"	0.035		
"DEU"	"Germany"	"C"	"Manufacturing"	"SK"	"Skills"	"2A2"	"Basic Skills (Process)"	"2015"	"2015"	0.055		
"NOR"	"Norway"	"J"	"Information and Communication"	"SK"	"Skills"	"2B1"	"Social Skills"	"2015"	"2015"	0.158		
"GRC"	"Greece"	"C"	"Manufacturing"	"SK"	"Skills"	"2B1"	"Social Skills"	"2015"	"2015"	-0.057		
"DEU"	"Germany"	"J"	"Information and Communication"	"SK"	"Skills"	"2A1"	"Basic Skills (Content)"	"2015"	"2015"	0.1		
"AUT"	"Austria"	"C"	"Manufacturing"	"SK"	"Skills"	"2A1"	"Basic Skills (Content)"	"2015"	"2015"	0.045		
"CYP"	"Cyprus"	"J"	"Information and Communication"	"SK"	"Skills"	"2A1"	"Basic Skills (Content)"	"2015"	"2015"	0.075		
"POL"	"Poland"	"C"	"Manufacturing"	"SK"	"Skills"	"2B1"	"Social Skills"	"2015"	"2015"	-0.03		
"FRA"	"France"	"J"	"Information and Communication"	"SK"	"Skills"	"2A2"	"Basic Skills (Process)"	"2015"	"2015"	0.051		
"EST"	"Estonia"	"J"	"Information and Communication"	"SK"	"Skills"	"2A2"	"Basic Skills (Process)"	"2015"	"2015"	0.255		
"POL"	"Poland"	"J"	"Information and Communication"	"SK"	"Skills"	"2A2"	"Basic Skills (Process)"	"2015"	"2015"	0.135		
"PRT"	"Portugal"	"J"	"Information and Communication"	"SK"	"Skills"	"2A1"	"Basic Skills (Content)"	"2015"	"2015"	0.138		
"AUT"	"Austria"	"J"	"Information and Communication"	"SK"	"Skills"	"2A2"	"Basic Skills (Process)"	"2015"	"2015"	0.093		
"SWE"	"Sweden"	"C"	"Manufacturing"	"SK"	"Skills"	"2A1"	"Basic Skills (Content)"	"2015"	"2015"	-0.018		
"FIN"	"Finland"	"C"	"Manufacturing"	"SK"	"Skills"	"2B1"	"Social Skills"	"2015"	"2015"	0.133		
"NLD"	"Netherlands"	"J"	"Information and Communication"	"SK"	"Skills"	"2A1"	"Basic Skills (Content)"	"2015"	"2015"	0.17		
"DNK"	"Denmark"	"C"	"Manufacturing"	"SK"	"Skills"	"2A2"	"Basic Skills (Process)"	"2015"	"2015"	0.102		
"FIN"	"Finland"	"C"	"Manufacturing"	"SK"	"Skills"	"2A2"	"Basic Skills (Process)"	"2015"	"2015"	0.164		
"EST"	"Estonia"	"J"	"Information and Communication"	"SK"	"Skills"	"2B1"	"Social Skills"	"2015"	"2015"	0.226		
"HUN"	"Hungary"	"C"	"Manufacturing"	"SK"	"Skills"	"2A2"	"Basic Skills (Process)"	"2015"	"2015"	-0.077		
"POL"	"Poland"	"C"	"Manufacturing"	"SK"	"Skills"	"2A2"	"Basic Skills (Process)"	"2015"	"2015"	-0.026		
"ISL"	"Iceland"	"J"	"Information and Communication"	"SK"	"Skills"	"2A2"	"Basic Skills (Process)"	"2015"	"2015"	0.118		
"LUX"	"Luxembourg"	"C"	"Manufacturing"	"SK"	"Skills"	"2A1"	"Basic Skills (Content)"	"2015"	"2015"	0.069		
"NOR"	"Norway"	"C"	"Manufacturing"	"SK"	"Skills"	"2B1"	"Social Skills"	"2015"	"2015"	0.101		
"BEL"	"Belgium"	"J"	"Information and Communication"	"SK"	"Skills"	"2A1"	"Basic Skills (Content)"	"2015"	"2015"	0.047		
"NLD"	"Netherlands"	"J"	"Information and Communication"	"SK"	"Skills"	"2A2"	"Basic Skills (Process)"	"2015"	"2015"	0.179		
"ITA"	"Italy"	"J"	"Information and Communication"	"SK"	"Skills"	"2A2"	"Basic Skills (Process)"	"2015"	"2015"	0.231		
"LUX"	"Luxembourg"	"C"	"Manufacturing"	"SK"	"Skills"	"2B1"	"Social Skills"	"2015"	"2015"	0.051		
"SVN"	"Slovenia"	"C"	"Manufacturing"	"SK"	"Skills"	"2A2"	"Basic Skills (Process)"	"2015"	"2015"	-0.024		
"EST"	"Estonia"	"C"	"Manufacturing"	"SK"	"Skills"	"2A1"	"Basic Skills (Content)"	"2015"	"2015"	0.048		
"CZE"	"Czech Republic"	"J"	"Information and Communication"	"SK"	"Skills"	"2B1"	"Social Skills"	"2015"	"2015"	0.109		
"FRA"	"France"	"C"	"Manufacturing"	"SK"	"Skills"	"2B1"	"Social Skills"	"2015"	"2015"	0.023		
"DNK"	"Denmark"	"J"	"Information and Communication"	"SK"	"Skills"	"2A1"	"Basic Skills (Content)"	"2015"	"2015"	0.113		
"ROU"	"Romania"	"J"	"Information and Communication"	"SK"	"Skills"	"2B1"	"Social Skills"	"2015"	"2015"	-0.01		
"EU"	"European Union"	"C"	"Manufacturing"	"SK"	"Skills"	"2A1E"	"Mathematics Skills"	"2015"	"2015"	0.018		
"DNK"	"Denmark"	"C"	"Manufacturing"	"SK"	"Skills"	"2B1"	"Social Skills"	"2015"	"2015"	0.085		
"BGR"	"Bulgaria"	"J"	"Information and Communication"	"SK"	"Skills"	"2A2"	"Basic Skills (Process)"	"2015"	"2015"	0.158		
"NLD"	"Netherlands"	"J"	"Information and Communication"	"SK"	"Skills"	"2B1"	"Social Skills"	"2015"	"2015"	0.148		
"POL"	"Poland"	"C"	"Manufacturing"	"SK"	"Skills"	"2A1"	"Basic Skills (Content)"	"2015"	"2015"	-0.021		
"IRL"	"Ireland"	"J"	"Information and Communication"	"SK"	"Skills"	"2A2"	"Basic Skills (Process)"	"2015"	"2015"	0.08		
"AUT"	"Austria"	"C"	"Manufacturing"	"SK"	"Skills"	"2A2"	"Basic Skills (Process)"	"2015"	"2015"	0.046		
"DNK"	"Denmark"	"J"	"Information and Communication"	"SK"	"Skills"	"2A2"	"Basic Skills (Process)"	"2015"	"2015"	0.117		
"EU"	"European Union"	"J"	"Information and Communication"	"SK"	"Skills"	"2A1"	"Basic Skills (Content)"	"2015"	"2015"	0.118		
"SVK"	"Slovak Republic"	"C"	"Manufacturing"	"SK"	"Skills"	"2A1"	"Basic Skills (Content)"	"2015"	"2015"	-0.003		
"ITA"	"Italy"	"J"	"Information and Communication"	"SK"	"Skills"	"2B1"	"Social Skills"	"2015"	"2015"	0.195		
"ISL"	"Iceland"	"J"	"Information and Communication"	"SK"	"Skills"	"2B1"	"Social Skills"	"2015"	"2015"	0.088		
"NOR"	"Norway"	"C"	"Manufacturing"	"SK"	"Skills"	"2A2"	"Basic Skills (Process)"	"2015"	"2015"	0.122		
"SVN"	"Slovenia"	"C"	"Manufacturing"	"SK"	"Skills"	"2B1"	"Social Skills"	"2015"	"2015"	-0.018		
"CZE"	"Czech Republic"	"C"	"Manufacturing"	"SK"	"Skills"	"2B1"	"Social Skills"	"2015"	"2015"	0.064		
"DEU"	"Germany"	"C"	"Manufacturing"	"SK"	"Skills"	"2B1"	"Social Skills"	"2015"	"2015"	0.049		
"GRC"	"Greece"	"C"	"Manufacturing"	"SK"	"Skills"	"2B4"	"Systems Skills"	"2015"	"2015"	-0.05		
"FIN"	"Finland"	"J"	"Information and Communication"	"SK"	"Skills"	"2A1"	"Basic Skills (Content)"	"2015"	"2015"	0.406		
"PRT"	"Portugal"	"C"	"Manufacturing"	"SK"	"Skills"	"2A1"	"Basic Skills (Content)"	"2015"	"2015"	0.039		
"IRL"	"Ireland"	"J"	"Information and Communication"	"SK"	"Skills"	"2B1"	"Social Skills"	"2015"	"2015"	0.07		
"AUT"	"Austria"	"C"	"Manufacturing"	"SK"	"Skills"	"2B1"	"Social Skills"	"2015"	"2015"	0.026		
"ITA"	"Italy"	"J"	"Information and Communication"	"SK"	"Skills"	"2A1"	"Basic Skills (Content)"	"2015"	"2015"	0.228		
"EU"	"European Union"	"C"	"Manufacturing"	"SK"	"Skills"	"2B3"	"Technical Skills"	"2015"	"2015"	-0.001		
"ROU"	"Romania"	"J"	"Information and Communication"	"SK"	"Skills"	"2A2"	"Basic Skills (Process)"	"2015"	"2015"	-0.004		
"ITA"	"Italy"	"C"	"Manufacturing"	"SK"	"Skills"	"2A2"	"Basic Skills (Process)"	"2015"	"2015"	0.132		
"DNK"	"Denmark"	"C"	"Manufacturing"	"SK"	"Skills"	"2A1"	"Basic Skills (Content)"	"2015"	"2015"	0.103		
"ROU"	"Romania"	"J"	"Information and Communication"	"SK"	"Skills"	"2A1"	"Basic Skills (Content)"	"2015"	"2015"	0.007		
"CZE"	"Czech Republic"	"C"	"Manufacturing"	"SK"	"Skills"	"2A2"	"Basic Skills (Process)"	"2015"	"2015"	0.09		
"BEL"	"Belgium"	"J"	"Information and Communication"	"SK"	"Skills"	"2B1"	"Social Skills"	"2015"	"2015"	0.019		
"NLD"	"Netherlands"	"C"	"Manufacturing"	"SK"	"Skills"	"2A2"	"Basic Skills (Process)"	"2015"	"2015"	-0.029		
"CYP"	"Cyprus"	"J"	"Information and Communication"	"SK"	"Skills"	"2B1"	"Social Skills"	"2015"	"2015"	0.058		
"EU"	"European Union"	"J"	"Information and Communication"	"SK"	"Skills"	"2B2"	"Complex Problem Solving Skills"	"2015"	"2015"	0.124		
"EU"	"European Union"	"C"	"Manufacturing"	"SK"	"Skills"	"2A2"	"Basic Skills (Process)"	"2015"	"2015"	0.018		
"NLD"	"Netherlands"	"C"	"Manufacturing"	"SK"	"Skills"	"2B1"	"Social Skills"	"2015"	"2015"	-0.033		
"EU"	"European Union"	"C"	"Manufacturing"	"SK"	"Skills"	"2A1"	"Basic Skills (Content)"	"2015"	"2015"	0.021		
"EST"	"Estonia"	"C"	"Manufacturing"	"SK"	"Skills"	"2A2"	"Basic Skills (Process)"	"2015"	"2015"	0.057		
"SVN"	"Slovenia"	"J"	"Information and Communication"	"SK"	"Skills"	"2A1"	"Basic Skills (Content)"	"2015"	"2015"	-0.009		
"CZE"	"Czech Republic"	"J"	"Information and Communication"	"SK"	"Skills"	"2A1"	"Basic Skills (Content)"	"2015"	"2015"	0.119		
"ITA"	"Italy"	"C"	"Manufacturing"	"SK"	"Skills"	"2A1"	"Basic Skills (Content)"	"2015"	"2015"	0.131		
"LTU"	"Lithuania"	"C"	"Manufacturing"	"SK"	"Skills"	"2A1"	"Basic Skills (Content)"	"2015"	"2015"	0.055		
"LUX"	"Luxembourg"	"C"	"Manufacturing"	"SK"	"Skills"	"2A2"	"Basic Skills (Process)"	"2015"	"2015"	0.062		
"EST"	"Estonia"	"J"	"Information and Communication"	"SK"	"Skills"	"2A1"	"Basic Skills (Content)"	"2015"	"2015"	0.229		
"GRC"	"Greece"	"C"	"Manufacturing"	"SK"	"Skills"	"2A1"	"Basic Skills (Content)"	"2015"	"2015"	-0.048		
"EU"	"European Union"	"J"	"Information and Communication"	"SK"	"Skills"	"2B3"	"Technical Skills"	"2015"	"2015"	0.037		
"EST"	"Estonia"	"C"	"Manufacturing"	"SK"	"Skills"	"2B1"	"Social Skills"	"2015"	"2015"	0.05		
"IRL"	"Ireland"	"J"	"Information and Communication"	"SK"	"Skills"	"2A1"	"Basic Skills (Content)"	"2015"	"2015"	0.066		
"FRA"	"France"	"C"	"Manufacturing"	"SK"	"Skills"	"2A1"	"Basic Skills (Content)"	"2015"	"2015"	0.018		
"DEU"	"Germany"	"C"	"Manufacturing"	"SK"	"Skills"	"2A1"	"Basic Skills (Content)"	"2015"	"2015"	0.052		
"IRL"	"Ireland"	"C"	"Manufacturing"	"SK"	"Skills"	"2A2"	"Basic Skills (Process)"	"2015"	"2015"	0.008		
"BEL"	"Belgium"	"J"	"Information and Communication"	"SK"	"Skills"	"2A2"	"Basic Skills (Process)"	"2015"	"2015"	0.039		
"CYP"	"Cyprus"	"J"	"Information and Communication"	"SK"	"Skills"	"2A2"	"Basic Skills (Process)"	"2015"	"2015"	0.069		
"BGR"	"Bulgaria"	"J"	"Information and Communication"	"SK"	"Skills"	"2B1"	"Social Skills"	"2015"	"2015"	0.116		
"BEL"	"Belgium"	"C"	"Manufacturing"	"SK"	"Skills"	"2A2"	"Basic Skills (Process)"	"2015"	"2015"	-0.1		
"SVN"	"Slovenia"	"C"	"Manufacturing"	"SK"	"Skills"	"2A1"	"Basic Skills (Content)"	"2015"	"2015"	-0.012		
"ISL"	"Iceland"	"C"	"Manufacturing"	"SK"	"Skills"	"2A2"	"Basic Skills (Process)"	"2015"	"2015"	0.054		
"IRL"	"Ireland"	"C"	"Manufacturing"	"SK"	"Skills"	"2A1"	"Basic Skills (Content)"	"2015"	"2015"	0.005		
"CYP"	"Cyprus"	"C"	"Manufacturing"	"SK"	"Skills"	"2A1"	"Basic Skills (Content)"	"2015"	"2015"	-0.13		
"NLD"	"Netherlands"	"C"	"Manufacturing"	"SK"	"Skills"	"2A1"	"Basic Skills (Content)"	"2015"	"2015"	-0.028		
"NOR"	"Norway"	"C"	"Manufacturing"	"SK"	"Skills"	"2A1"	"Basic Skills (Content)"	"2015"	"2015"	0.111		
"BGR"	"Bulgaria"	"J"	"Information and Communication"	"SK"	"Skills"	"2A1"	"Basic Skills (Content)"	"2015"	"2015"	0.157		
"SWE"	"Sweden"	"J"	"Information and Communication"	"SK"	"Skills"	"2A2"	"Basic Skills (Process)"	"2015"	"2015"	0.073		
"EU"	"European Union"	"C"	"Manufacturing"	"SK"	"Skills"	"2B1"	"Social Skills"	"2015"	"2015"	0.013		
"ITA"	"Italy"	"C"	"Manufacturing"	"SK"	"Skills"	"2B1"	"Social Skills"	"2015"	"2015"	0.106		
"EU"	"European Union"	"C"	"Manufacturing"	"SK"	"Skills"	"2B2"	"Complex Problem Solving Skills"	"2015"	"2015"	0.018		
"ROU"	"Romania"	"C"	"Manufacturing"	"SK"	"Skills"	"2A2"	"Basic Skills (Process)"	"2015"	"2015"	0.046		
"CYP"	"Cyprus"	"C"	"Manufacturing"	"SK"	"Skills"	"2B1"	"Social Skills"	"2015"	"2015"	-0.137		
"ISL"	"Iceland"	"C"	"Manufacturing"	"SK"	"Skills"	"2A1"	"Basic Skills (Content)"	"2015"	"2015"	0.045		
"ROU"	"Romania"	"C"	"Manufacturing"	"SK"	"Skills"	"2A1"	"Basic Skills (Content)"	"2015"	"2015"	0.045		
"EU"	"European Union"	"J"	"Information and Communication"	"SK"	"Skills"	"2B5"	"Resource Management Skills"	"2015"	"2015"	0.07		
"ROU"	"Romania"	"C"	"Manufacturing"	"SK"	"Skills"	"2B1"	"Social Skills"	"2015"	"2015"	0.03		
"CHE"	"Switzerland"	"J"	"Information and Communication"	"SK"	"Skills"	"2A2"	"Basic Skills (Process)"	"2015"	"2015"	0.022		
"BEL"	"Belgium"	"C"	"Manufacturing"	"SK"	"Skills"	"2B1"	"Social Skills"	"2015"	"2015"	-0.085		
"CYP"	"Cyprus"	"C"	"Manufacturing"	"SK"	"Skills"	"2A2"	"Basic Skills (Process)"	"2015"	"2015"	-0.153		
"EU"	"European Union"	"J"	"Information and Communication"	"SK"	"Skills"	"2B4"	"Systems Skills"	"2015"	"2015"	0.115		
"CZE"	"Czech Republic"	"C"	"Manufacturing"	"SK"	"Skills"	"2A1"	"Basic Skills (Content)"	"2015"	"2015"	0.076		
"FIN"	"Finland"	"C"	"Manufacturing"	"SK"	"Skills"	"2A1"	"Basic Skills (Content)"	"2015"	"2015"	0.176		
"ISL"	"Iceland"	"J"	"Information and Communication"	"SK"	"Skills"	"2A1"	"Basic Skills (Content)"	"2015"	"2015"	0.105		
"IRL"	"Ireland"	"C"	"Manufacturing"	"SK"	"Skills"	"2B1"	"Social Skills"	"2015"	"2015"	0.008		
"BGR"	"Bulgaria"	"C"	"Manufacturing"	"SK"	"Skills"	"2A2"	"Basic Skills (Process)"	"2015"	"2015"	0.015		
"LVA"	"Latvia"	"J"	"Information and Communication"	"SK"	"Skills"	"2A1"	"Basic Skills (Content)"	"2015"	"2015"	0.082		
"GRC"	"Greece"	"J"	"Information and Communication"	"SK"	"Skills"	"2A2"	"Basic Skills (Process)"	"2015"	"2015"	0.119		
"BGR"	"Bulgaria"	"C"	"Manufacturing"	"SK"	"Skills"	"2A1"	"Basic Skills (Content)"	"2015"	"2015"	0.014		
"CHE"	"Switzerland"	"J"	"Information and Communication"	"SK"	"Skills"	"2B1"	"Social Skills"	"2015"	"2015"	0.02		
"LVA"	"Latvia"	"J"	"Information and Communication"	"SK"	"Skills"	"2B1"	"Social Skills"	"2015"	"2015"	0.078		
"SWE"	"Sweden"	"J"	"Information and Communication"	"SK"	"Skills"	"2B1"	"Social Skills"	"2015"	"2015"	0.06		
"ESP"	"Spain"	"J"	"Information and Communication"	"SK"	"Skills"	"2A2"	"Basic Skills (Process)"	"2015"	"2015"	0.139		
"BEL"	"Belgium"	"C"	"Manufacturing"	"SK"	"Skills"	"2A1"	"Basic Skills (Content)"	"2015"	"2015"	-0.08		
"CHE"	"Switzerland"	"C"	"Manufacturing"	"SK"	"Skills"	"2A2"	"Basic Skills (Process)"	"2015"	"2015"	-0.016		
"SVK"	"Slovak Republic"	"J"	"Information and Communication"	"SK"	"Skills"	"2A2"	"Basic Skills (Process)"	"2015"	"2015"	0.166		
"HUN"	"Hungary"	"J"	"Information and Communication"	"SK"	"Skills"	"2B1"	"Social Skills"	"2015"	"2015"	-0.007		
"LTU"	"Lithuania"	"J"	"Information and Communication"	"SK"	"Skills"	"2A2"	"Basic Skills (Process)"	"2015"	"2015"	0.162		
"ESP"	"Spain"	"J"	"Information and Communication"	"SK"	"Skills"	"2B1"	"Social Skills"	"2015"	"2015"	0.114		
"HUN"	"Hungary"	"J"	"Information and Communication"	"SK"	"Skills"	"2A2"	"Basic Skills (Process)"	"2015"	"2015"	-0.009		
"LTU"	"Lithuania"	"J"	"Information and Communication"	"SK"	"Skills"	"2B1"	"Social Skills"	"2015"	"2015"	0.131		
"DEU"	"Germany"	"J"	"Information and Communication"	"SK"	"Skills"	"2A2"	"Basic Skills (Process)"	"2015"	"2015"	0.106		
"EU"	"European Union"	"C"	"Manufacturing"	"SK"	"Skills"	"2B5"	"Resource Management Skills"	"2015"	"2015"	0.012		
"ISL"	"Iceland"	"C"	"Manufacturing"	"SK"	"Skills"	"2B1"	"Social Skills"	"2015"	"2015"	0.031		
"LVA"	"Latvia"	"C"	"Manufacturing"	"SK"	"Skills"	"2B1"	"Social Skills"	"2015"	"2015"	-0.011		
"GRC"	"Greece"	"J"	"Information and Communication"	"SK"	"Skills"	"2B1"	"Social Skills"	"2015"	"2015"	0.102		
"LTU"	"Lithuania"	"J"	"Information and Communication"	"SK"	"Skills"	"2A1"	"Basic Skills (Content)"	"2015"	"2015"	0.161		
"SVK"	"Slovak Republic"	"J"	"Information and Communication"	"SK"	"Skills"	"2B1"	"Social Skills"	"2015"	"2015"	0.132		
"SWE"	"Sweden"	"C"	"Manufacturing"	"SK"	"Skills"	"2A2"	"Basic Skills (Process)"	"2015"	"2015"	-0.021		
"BGR"	"Bulgaria"	"C"	"Manufacturing"	"SK"	"Skills"	"2B1"	"Social Skills"	"2015"	"2015"	0.005		
"PRT"	"Portugal"	"J"	"Information and Communication"	"SK"	"Skills"	"2A2"	"Basic Skills (Process)"	"2015"	"2015"	0.15		
"SVK"	"Slovak Republic"	"J"	"Information and Communication"	"SK"	"Skills"	"2A1"	"Basic Skills (Content)"	"2015"	"2015"	0.163		
"SWE"	"Sweden"	"C"	"Manufacturing"	"SK"	"Skills"	"2B1"	"Social Skills"	"2015"	"2015"	-0.009		
"CHE"	"Switzerland"	"C"	"Manufacturing"	"SK"	"Skills"	"2B1"	"Social Skills"	"2015"	"2015"	-0.016		
"ESP"	"Spain"	"J"	"Information and Communication"	"SK"	"Skills"	"2A1"	"Basic Skills (Content)"	"2015"	"2015"	0.144		
"EU"	"European Union"	"C"	"Manufacturing"	"SK"	"Skills"	"2B4"	"Systems Skills"	"2015"	"2015"	0.022		
"LVA"	"Latvia"	"C"	"Manufacturing"	"SK"	"Skills"	"2A1"	"Basic Skills (Content)"	"2015"	"2015"	-0.006		
"PRT"	"Portugal"	"J"	"Information and Communication"	"SK"	"Skills"	"2B1"	"Social Skills"	"2015"	"2015"	0.104		
"DEU"	"Germany"	"J"	"Information and Communication"	"SK"	"Skills"	"2B1"	"Social Skills"	"2015"	"2015"	0.096		
"LVA"	"Latvia"	"J"	"Information and Communication"	"SK"	"Skills"	"2A2"	"Basic Skills (Process)"	"2015"	"2015"	0.09		
"CHE"	"Switzerland"	"J"	"Information and Communication"	"SK"	"Skills"	"2A1"	"Basic Skills (Content)"	"2015"	"2015"	0.016		
"SWE"	"Sweden"	"J"	"Information and Communication"	"SK"	"Skills"	"2A1"	"Basic Skills (Content)"	"2015"	"2015"	0.067		
"LVA"	"Latvia"	"C"	"Manufacturing"	"SK"	"Skills"	"2A2"	"Basic Skills (Process)"	"2015"	"2015"	-0.012		
"GRC"	"Greece"	"J"	"Information and Communication"	"SK"	"Skills"	"2A1"	"Basic Skills (Content)"	"2015"	"2015"	0.136		
"LUX"	"Luxembourg"	"J"	"Information and Communication"	"SK"	"Skills"	"2A2"	"Basic Skills (Process)"	"2015"	"2015"	0.089		
"LUX"	"Luxembourg"	"J"	"Information and Communication"	"SK"	"Skills"	"2B1"	"Social Skills"	"2015"	"2015"	0.074		
"CHE"	"Switzerland"	"C"	"Manufacturing"	"SK"	"Skills"	"2A1"	"Basic Skills (Content)"	"2015"	"2015"	-0.015		
"HUN"	"Hungary"	"J"	"Information and Communication"	"SK"	"Skills"	"2A1"	"Basic Skills (Content)"	"2015"	"2015"	-0.015		
"USA"	"United States"	"J"	"Information and Communication"	"SK"	"Skills"	"2B1"	"Social Skills"	"2015"	"2015"	0.012		
"MEX"	"Mexico"	"C"	"Manufacturing"	"SK"	"Skills"	"2A2"	"Basic Skills (Process)"	"2015"	"2015"	0.027		
"USA"	"United States"	"J"	"Information and Communication"	"SK"	"Skills"	"2A2"	"Basic Skills (Process)"	"2015"	"2015"	0.008		
"MEX"	"Mexico"	"J"	"Information and Communication"	"SK"	"Skills"	"2B2"	"Complex Problem Solving Skills"	"2015"	"2015"	-0.012		
"AUS"	"Australia"	"J"	"Information and Communication"	"SK"	"Skills"	"2A1E"	"Mathematics Skills"	"2015"	"2015"	-0.029		
"ZAF"	"South Africa"	"C"	"Manufacturing"	"SK"	"Skills"	"2B4"	"Systems Skills"	"2015"	"2015"	0.079		
"USA"	"United States"	"C"	"Manufacturing"	"SK"	"Skills"	"2A2"	"Basic Skills (Process)"	"2015"	"2015"	-0.059		
"ARG"	"Argentina"	"J"	"Information and Communication"	"SK"	"Skills"	"2B5"	"Resource Management Skills"	"2015"	"2015"	-0.027		
"AUS"	"Australia"	"J"	"Information and Communication"	"SK"	"Skills"	"2A2"	"Basic Skills (Process)"	"2015"	"2015"	-0.035		
"USA"	"United States"	"C"	"Manufacturing"	"SK"	"Skills"	"2A1E"	"Mathematics Skills"	"2015"	"2015"	-0.031		
"MEX"	"Mexico"	"C"	"Manufacturing"	"SK"	"Skills"	"2B3"	"Technical Skills"	"2015"	"2015"	0.016		
"MEX"	"Mexico"	"C"	"Manufacturing"	"SK"	"Skills"	"2A1E"	"Mathematics Skills"	"2015"	"2015"	0.011		
"TUR"	"Turkey"	"J"	"Information and Communication"	"SK"	"Skills"	"2B1"	"Social Skills"	"2015"	"2015"	-0.161		
"CHL"	"Chile"	"C"	"Manufacturing"	"SK"	"Skills"	"2B5"	"Resource Management Skills"	"2015"	"2015"	0		
"AUS"	"Australia"	"J"	"Information and Communication"	"SK"	"Skills"	"2B1"	"Social Skills"	"2015"	"2015"	-0.029		
"USA"	"United States"	"J"	"Information and Communication"	"SK"	"Skills"	"2A1"	"Basic Skills (Content)"	"2015"	"2015"	0.01		
"CHL"	"Chile"	"J"	"Information and Communication"	"SK"	"Skills"	"2B4"	"Systems Skills"	"2015"	"2015"	-0.041		
"TUR"	"Turkey"	"C"	"Manufacturing"	"SK"	"Skills"	"2A2"	"Basic Skills (Process)"	"2015"	"2015"	-0.097		
"MEX"	"Mexico"	"J"	"Information and Communication"	"SK"	"Skills"	"2B4"	"Systems Skills"	"2015"	"2015"	-0.018		
"ARG"	"Argentina"	"C"	"Manufacturing"	"SK"	"Skills"	"2A1"	"Basic Skills (Content)"	"2015"	"2015"	-0.028		
"ARG"	"Argentina"	"C"	"Manufacturing"	"SK"	"Skills"	"2B3"	"Technical Skills"	"2015"	"2015"	-0.026		
"ARG"	"Argentina"	"C"	"Manufacturing"	"SK"	"Skills"	"2B5"	"Resource Management Skills"	"2015"	"2015"	-0.033		
"TUR"	"Turkey"	"J"	"Information and Communication"	"SK"	"Skills"	"2A1"	"Basic Skills (Content)"	"2015"	"2015"	-0.157		
"AUS"	"Australia"	"C"	"Manufacturing"	"SK"	"Skills"	"2B1"	"Social Skills"	"2015"	"2015"	-0.039		
"AUS"	"Australia"	"C"	"Manufacturing"	"SK"	"Skills"	"2A2"	"Basic Skills (Process)"	"2015"	"2015"	-0.046		
"MEX"	"Mexico"	"C"	"Manufacturing"	"SK"	"Skills"	"2B2"	"Complex Problem Solving Skills"	"2015"	"2015"	0.022		
"CHL"	"Chile"	"C"	"Manufacturing"	"SK"	"Skills"	"2B4"	"Systems Skills"	"2015"	"2015"	-0.002		
"USA"	"United States"	"J"	"Information and Communication"	"SK"	"Skills"	"2B3"	"Technical Skills"	"2015"	"2015"	-0.009		
"MEX"	"Mexico"	"J"	"Information and Communication"	"SK"	"Skills"	"2B5"	"Resource Management Skills"	"2015"	"2015"	-0.022		
"AUS"	"Australia"	"J"	"Information and Communication"	"SK"	"Skills"	"2B5"	"Resource Management Skills"	"2015"	"2015"	-0.017		
"ZAF"	"South Africa"	"J"	"Information and Communication"	"SK"	"Skills"	"2A1"	"Basic Skills (Content)"	"2015"	"2015"	0.219		
"OECD"	"OECD - Total"	"C"	"Manufacturing"	"SK"	"Skills"	"2B1"	"Social Skills"	"2015"	"2015"	0.013		
"AUS"	"Australia"	"C"	"Manufacturing"	"SK"	"Skills"	"2A1E"	"Mathematics Skills"	"2015"	"2015"	-0.028		
"USA"	"United States"	"C"	"Manufacturing"	"SK"	"Skills"	"2B1"	"Social Skills"	"2015"	"2015"	-0.048		
"PER"	"Peru"	"J"	"Information and Communication"	"SK"	"Skills"	"2B1"	"Social Skills"	"2015"	"2015"	0.271		
"MEX"	"Mexico"	"C"	"Manufacturing"	"SK"	"Skills"	"2B1"	"Social Skills"	"2015"	"2015"	0.022		
"PER"	"Peru"	"J"	"Information and Communication"	"SK"	"Skills"	"2A1"	"Basic Skills (Content)"	"2015"	"2015"	0.21		
"TUR"	"Turkey"	"J"	"Information and Communication"	"SK"	"Skills"	"2B3"	"Technical Skills"	"2015"	"2015"	-0.034		
"USA"	"United States"	"J"	"Information and Communication"	"SK"	"Skills"	"2B5"	"Resource Management Skills"	"2015"	"2015"	0.009		
"PER"	"Peru"	"J"	"Information and Communication"	"SK"	"Skills"	"2B3"	"Technical Skills"	"2015"	"2015"	0.063		
"OECD"	"OECD - Total"	"C"	"Manufacturing"	"SK"	"Skills"	"2B3"	"Technical Skills"	"2015"	"2015"	-0.002		
"TUR"	"Turkey"	"C"	"Manufacturing"	"SK"	"Skills"	"2B1"	"Social Skills"	"2015"	"2015"	-0.083		
"OECD"	"OECD - Total"	"C"	"Manufacturing"	"SK"	"Skills"	"2A1"	"Basic Skills (Content)"	"2015"	"2015"	0.02		
"PER"	"Peru"	"C"	"Manufacturing"	"SK"	"Skills"	"2A1"	"Basic Skills (Content)"	"2015"	"2015"	0.041		
"OECD"	"OECD - Total"	"J"	"Information and Communication"	"SK"	"Skills"	"2B5"	"Resource Management Skills"	"2015"	"2015"	0.059		
"TUR"	"Turkey"	"J"	"Information and Communication"	"SK"	"Skills"	"2B2"	"Complex Problem Solving Skills"	"2015"	"2015"	-0.177		
"OECD"	"OECD - Total"	"C"	"Manufacturing"	"SK"	"Skills"	"2A2"	"Basic Skills (Process)"	"2015"	"2015"	0.018		
"ZAF"	"South Africa"	"J"	"Information and Communication"	"SK"	"Skills"	"2A1E"	"Mathematics Skills"	"2015"	"2015"	0.179		
"USA"	"United States"	"C"	"Manufacturing"	"SK"	"Skills"	"2A1"	"Basic Skills (Content)"	"2015"	"2015"	-0.048		
"ZAF"	"South Africa"	"C"	"Manufacturing"	"SK"	"Skills"	"2B1"	"Social Skills"	"2015"	"2015"	0.076		
"OECD"	"OECD - Total"	"J"	"Information and Communication"	"SK"	"Skills"	"2B3"	"Technical Skills"	"2015"	"2015"	0.033		
"PER"	"Peru"	"J"	"Information and Communication"	"SK"	"Skills"	"2B5"	"Resource Management Skills"	"2015"	"2015"	0.133		
"ZAF"	"South Africa"	"J"	"Information and Communication"	"SK"	"Skills"	"2B5"	"Resource Management Skills"	"2015"	"2015"	0.214		
"AUS"	"Australia"	"J"	"Information and Communication"	"SK"	"Skills"	"2B2"	"Complex Problem Solving Skills"	"2015"	"2015"	-0.04		
"PER"	"Peru"	"J"	"Information and Communication"	"SK"	"Skills"	"2A2"	"Basic Skills (Process)"	"2015"	"2015"	0.222		
"ZAF"	"South Africa"	"J"	"Information and Communication"	"SK"	"Skills"	"2B3"	"Technical Skills"	"2015"	"2015"	0.05		
"PER"	"Peru"	"C"	"Manufacturing"	"SK"	"Skills"	"2A2"	"Basic Skills (Process)"	"2015"	"2015"	0.043		
"OECD"	"OECD - Total"	"J"	"Information and Communication"	"SK"	"Skills"	"2A1"	"Basic Skills (Content)"	"2015"	"2015"	0.097		
"AUS"	"Australia"	"C"	"Manufacturing"	"SK"	"Skills"	"2B2"	"Complex Problem Solving Skills"	"2015"	"2015"	-0.045		
"TUR"	"Turkey"	"J"	"Information and Communication"	"SK"	"Skills"	"2B5"	"Resource Management Skills"	"2015"	"2015"	-0.138		
"MEX"	"Mexico"	"C"	"Manufacturing"	"SK"	"Skills"	"2B4"	"Systems Skills"	"2015"	"2015"	0.014		
"CHL"	"Chile"	"J"	"Information and Communication"	"SK"	"Skills"	"2A1"	"Basic Skills (Content)"	"2015"	"2015"	-0.027		
"MEX"	"Mexico"	"J"	"Information and Communication"	"SK"	"Skills"	"2A1E"	"Mathematics Skills"	"2015"	"2015"	-0.006		
"USA"	"United States"	"C"	"Manufacturing"	"SK"	"Skills"	"2B3"	"Technical Skills"	"2015"	"2015"	-0.041		
"TUR"	"Turkey"	"C"	"Manufacturing"	"SK"	"Skills"	"2A1"	"Basic Skills (Content)"	"2015"	"2015"	-0.082		
"PER"	"Peru"	"C"	"Manufacturing"	"SK"	"Skills"	"2B1"	"Social Skills"	"2015"	"2015"	0.049		
"PER"	"Peru"	"C"	"Manufacturing"	"SK"	"Skills"	"2A1E"	"Mathematics Skills"	"2015"	"2015"	0.015		
"ARG"	"Argentina"	"J"	"Information and Communication"	"SK"	"Skills"	"2B1"	"Social Skills"	"2015"	"2015"	-0.039		
"PER"	"Peru"	"C"	"Manufacturing"	"SK"	"Skills"	"2B5"	"Resource Management Skills"	"2015"	"2015"	0.024		
"CHL"	"Chile"	"C"	"Manufacturing"	"SK"	"Skills"	"2B1"	"Social Skills"	"2015"	"2015"	0.008		
"ZAF"	"South Africa"	"C"	"Manufacturing"	"SK"	"Skills"	"2B3"	"Technical Skills"	"2015"	"2015"	0.022		
"OECD"	"OECD - Total"	"C"	"Manufacturing"	"SK"	"Skills"	"2B5"	"Resource Management Skills"	"2015"	"2015"	0.014		
"ZAF"	"South Africa"	"C"	"Manufacturing"	"SK"	"Skills"	"2A1"	"Basic Skills (Content)"	"2015"	"2015"	0.076		
"CHL"	"Chile"	"J"	"Information and Communication"	"SK"	"Skills"	"2B3"	"Technical Skills"	"2015"	"2015"	-0.006		
"ARG"	"Argentina"	"C"	"Manufacturing"	"SK"	"Skills"	"2A2"	"Basic Skills (Process)"	"2015"	"2015"	-0.04		
"TUR"	"Turkey"	"C"	"Manufacturing"	"SK"	"Skills"	"2B5"	"Resource Management Skills"	"2015"	"2015"	-0.066		
"CHL"	"Chile"	"J"	"Information and Communication"	"SK"	"Skills"	"2B5"	"Resource Management Skills"	"2015"	"2015"	-0.023		
"OECD"	"OECD - Total"	"J"	"Information and Communication"	"SK"	"Skills"	"2B1"	"Social Skills"	"2015"	"2015"	0.08		
"AUS"	"Australia"	"J"	"Information and Communication"	"SK"	"Skills"	"2B4"	"Systems Skills"	"2015"	"2015"	-0.039		
"MEX"	"Mexico"	"J"	"Information and Communication"	"SK"	"Skills"	"2A2"	"Basic Skills (Process)"	"2015"	"2015"	-0.016		
"ARG"	"Argentina"	"J"	"Information and Communication"	"SK"	"Skills"	"2A1"	"Basic Skills (Content)"	"2015"	"2015"	-0.026		
"USA"	"United States"	"C"	"Manufacturing"	"SK"	"Skills"	"2B5"	"Resource Management Skills"	"2015"	"2015"	-0.027		
"CHL"	"Chile"	"J"	"Information and Communication"	"SK"	"Skills"	"2A1E"	"Mathematics Skills"	"2015"	"2015"	-0.033		
"TUR"	"Turkey"	"C"	"Manufacturing"	"SK"	"Skills"	"2B3"	"Technical Skills"	"2015"	"2015"	-0.042		
"ZAF"	"South Africa"	"C"	"Manufacturing"	"SK"	"Skills"	"2A1E"	"Mathematics Skills"	"2015"	"2015"	0.061		
"ARG"	"Argentina"	"C"	"Manufacturing"	"SK"	"Skills"	"2B1"	"Social Skills"	"2015"	"2015"	-0.039		
"ZAF"	"South Africa"	"J"	"Information and Communication"	"SK"	"Skills"	"2B2"	"Complex Problem Solving Skills"	"2015"	"2015"	0.247		
"CHL"	"Chile"	"C"	"Manufacturing"	"SK"	"Skills"	"2A1"	"Basic Skills (Content)"	"2015"	"2015"	0.012		
"PER"	"Peru"	"C"	"Manufacturing"	"SK"	"Skills"	"2B2"	"Complex Problem Solving Skills"	"2015"	"2015"	0.043		
"CHL"	"Chile"	"C"	"Manufacturing"	"SK"	"Skills"	"2B3"	"Technical Skills"	"2015"	"2015"	-0.004		
"ZAF"	"South Africa"	"C"	"Manufacturing"	"SK"	"Skills"	"2B5"	"Resource Management Skills"	"2015"	"2015"	0.074		
"TUR"	"Turkey"	"J"	"Information and Communication"	"SK"	"Skills"	"2B4"	"Systems Skills"	"2015"	"2015"	-0.15		
"CHL"	"Chile"	"C"	"Manufacturing"	"SK"	"Skills"	"2A1E"	"Mathematics Skills"	"2015"	"2015"	0.006		
"CHL"	"Chile"	"J"	"Information and Communication"	"SK"	"Skills"	"2B2"	"Complex Problem Solving Skills"	"2015"	"2015"	-0.041		
"ZAF"	"South Africa"	"J"	"Information and Communication"	"SK"	"Skills"	"2B4"	"Systems Skills"	"2015"	"2015"	0.227		
"ARG"	"Argentina"	"J"	"Information and Communication"	"SK"	"Skills"	"2B3"	"Technical Skills"	"2015"	"2015"	-0.016		
"ZAF"	"South Africa"	"C"	"Manufacturing"	"SK"	"Skills"	"2B2"	"Complex Problem Solving Skills"	"2015"	"2015"	0.088		
"AUS"	"Australia"	"C"	"Manufacturing"	"SK"	"Skills"	"2B4"	"Systems Skills"	"2015"	"2015"	-0.03		
"MEX"	"Mexico"	"J"	"Information and Communication"	"SK"	"Skills"	"2B1"	"Social Skills"	"2015"	"2015"	-0.019		
"PER"	"Peru"	"C"	"Manufacturing"	"SK"	"Skills"	"2B4"	"Systems Skills"	"2015"	"2015"	0.031		
"CHL"	"Chile"	"C"	"Manufacturing"	"SK"	"Skills"	"2B2"	"Complex Problem Solving Skills"	"2015"	"2015"	0.004		
"TUR"	"Turkey"	"J"	"Information and Communication"	"SK"	"Skills"	"2A1E"	"Mathematics Skills"	"2015"	"2015"	-0.104		
"MEX"	"Mexico"	"J"	"Information and Communication"	"SK"	"Skills"	"2B3"	"Technical Skills"	"2015"	"2015"	0.013		
"ARG"	"Argentina"	"J"	"Information and Communication"	"SK"	"Skills"	"2B4"	"Systems Skills"	"2015"	"2015"	-0.041		
"MEX"	"Mexico"	"C"	"Manufacturing"	"SK"	"Skills"	"2A1"	"Basic Skills (Content)"	"2015"	"2015"	0.021		
"TUR"	"Turkey"	"J"	"Information and Communication"	"SK"	"Skills"	"2A2"	"Basic Skills (Process)"	"2015"	"2015"	-0.173		
"PER"	"Peru"	"J"	"Information and Communication"	"SK"	"Skills"	"2A1E"	"Mathematics Skills"	"2015"	"2015"	0.069		
"USA"	"United States"	"J"	"Information and Communication"	"SK"	"Skills"	"2B2"	"Complex Problem Solving Skills"	"2015"	"2015"	0.004		
"ARG"	"Argentina"	"C"	"Manufacturing"	"SK"	"Skills"	"2B2"	"Complex Problem Solving Skills"	"2015"	"2015"	-0.046		
"AUS"	"Australia"	"J"	"Information and Communication"	"SK"	"Skills"	"2B3"	"Technical Skills"	"2015"	"2015"	-0.011		
"AUS"	"Australia"	"J"	"Information and Communication"	"SK"	"Skills"	"2A1"	"Basic Skills (Content)"	"2015"	"2015"	-0.036		
"OECD"	"OECD - Total"	"C"	"Manufacturing"	"SK"	"Skills"	"2A1E"	"Mathematics Skills"	"2015"	"2015"	0.018		
"ZAF"	"South Africa"	"J"	"Information and Communication"	"SK"	"Skills"	"2A2"	"Basic Skills (Process)"	"2015"	"2015"	0.254		
"TUR"	"Turkey"	"C"	"Manufacturing"	"SK"	"Skills"	"2A1E"	"Mathematics Skills"	"2015"	"2015"	-0.06		
"ZAF"	"South Africa"	"J"	"Information and Communication"	"SK"	"Skills"	"2B1"	"Social Skills"	"2015"	"2015"	0.22		
"USA"	"United States"	"C"	"Manufacturing"	"SK"	"Skills"	"2B2"	"Complex Problem Solving Skills"	"2015"	"2015"	-0.055		
"ARG"	"Argentina"	"C"	"Manufacturing"	"SK"	"Skills"	"2B4"	"Systems Skills"	"2015"	"2015"	-0.037		
"AUS"	"Australia"	"C"	"Manufacturing"	"SK"	"Skills"	"2B3"	"Technical Skills"	"2015"	"2015"	-0.029		
"AUS"	"Australia"	"C"	"Manufacturing"	"SK"	"Skills"	"2A1"	"Basic Skills (Content)"	"2015"	"2015"	-0.039		
"MEX"	"Mexico"	"C"	"Manufacturing"	"SK"	"Skills"	"2B5"	"Resource Management Skills"	"2015"	"2015"	0.011		
"USA"	"United States"	"J"	"Information and Communication"	"SK"	"Skills"	"2B4"	"Systems Skills"	"2015"	"2015"	0.006		
"OECD"	"OECD - Total"	"J"	"Information and Communication"	"SK"	"Skills"	"2B4"	"Systems Skills"	"2015"	"2015"	0.095		
"CHL"	"Chile"	"J"	"Information and Communication"	"SK"	"Skills"	"2A2"	"Basic Skills (Process)"	"2015"	"2015"	-0.029		
"ZAF"	"South Africa"	"C"	"Manufacturing"	"SK"	"Skills"	"2A2"	"Basic Skills (Process)"	"2015"	"2015"	0.089		
"TUR"	"Turkey"	"C"	"Manufacturing"	"SK"	"Skills"	"2B2"	"Complex Problem Solving Skills"	"2015"	"2015"	-0.097		
"OECD"	"OECD - Total"	"J"	"Information and Communication"	"SK"	"Skills"	"2A2"	"Basic Skills (Process)"	"2015"	"2015"	0.101		
"CHL"	"Chile"	"J"	"Information and Communication"	"SK"	"Skills"	"2B1"	"Social Skills"	"2015"	"2015"	-0.02		
"PER"	"Peru"	"J"	"Information and Communication"	"SK"	"Skills"	"2B2"	"Complex Problem Solving Skills"	"2015"	"2015"	0.224		
"OECD"	"OECD - Total"	"C"	"Manufacturing"	"SK"	"Skills"	"2B2"	"Complex Problem Solving Skills"	"2015"	"2015"	0.018		
"PER"	"Peru"	"C"	"Manufacturing"	"SK"	"Skills"	"2B3"	"Technical Skills"	"2015"	"2015"	0.015		
"OECD"	"OECD - Total"	"J"	"Information and Communication"	"SK"	"Skills"	"2B2"	"Complex Problem Solving Skills"	"2015"	"2015"	0.102		
"ARG"	"Argentina"	"J"	"Information and Communication"	"SK"	"Skills"	"2A1E"	"Mathematics Skills"	"2015"	"2015"	-0.01		
"AUS"	"Australia"	"C"	"Manufacturing"	"SK"	"Skills"	"2B5"	"Resource Management Skills"	"2015"	"2015"	-0.022		
"USA"	"United States"	"C"	"Manufacturing"	"SK"	"Skills"	"2B4"	"Systems Skills"	"2015"	"2015"	-0.039		
"ARG"	"Argentina"	"J"	"Information and Communication"	"SK"	"Skills"	"2A2"	"Basic Skills (Process)"	"2015"	"2015"	-0.039		
"PER"	"Peru"	"J"	"Information and Communication"	"SK"	"Skills"	"2B4"	"Systems Skills"	"2015"	"2015"	0.17		
"TUR"	"Turkey"	"C"	"Manufacturing"	"SK"	"Skills"	"2B4"	"Systems Skills"	"2015"	"2015"	-0.07		
"ARG"	"Argentina"	"C"	"Manufacturing"	"SK"	"Skills"	"2A1E"	"Mathematics Skills"	"2015"	"2015"	-0.023		
"OECD"	"OECD - Total"	"C"	"Manufacturing"	"SK"	"Skills"	"2B4"	"Systems Skills"	"2015"	"2015"	0.022		
"CHL"	"Chile"	"C"	"Manufacturing"	"SK"	"Skills"	"2A2"	"Basic Skills (Process)"	"2015"	"2015"	0.008		
"OECD"	"OECD - Total"	"J"	"Information and Communication"	"SK"	"Skills"	"2A1E"	"Mathematics Skills"	"2015"	"2015"	0.074		
"ARG"	"Argentina"	"J"	"Information and Communication"	"SK"	"Skills"	"2B2"	"Complex Problem Solving Skills"	"2015"	"2015"	-0.044		
"USA"	"United States"	"J"	"Information and Communication"	"SK"	"Skills"	"2A1E"	"Mathematics Skills"	"2015"	"2015"	0.014		
"MEX"	"Mexico"	"J"	"Information and Communication"	"SK"	"Skills"	"2A1"	"Basic Skills (Content)"	"2015"	"2015"	-0.015		
